view_name,text,input,lineage,fixed_lineage,fixed_lineage_2
C$_0W_YFY_AV_TW_R,"select ""C1_ROW_ID"",""C2_ORG_ID"",""C3_REF_AV_HEADER_ID"",""C4_ORDER_AV"",""C5_UPDATE_DT"",""C6_CREATION_DT"",""C7_DATASOURCE_NUM_ID"",""C8_MODEL_ITEM"",""C9_ORDER_TRANSPORT_FEE"",""C10_PRICECLASS_COST"" from (    select   W_YFY_AV_TW_R.ROW_ID C1_ROW_ID,  W_YFY_AV_TW_R.ORG_ID C2_ORG_ID,  W_YFY_AV_TW_R.REF_AV_HEADER_ID C3_REF_AV_HEADER_ID,  W_YFY_AV_TW_R.ORDER_AV C4_ORDER_AV,  W_YFY_AV_TW_R.UPDATE_DT C5_UPDATE_DT,  W_YFY_AV_TW_R.CREATION_DT C6_CREATION_DT,  W_YFY_AV_TW_R.DATASOURCE_NUM_ID C7_DATASOURCE_NUM_ID,  W_YFY_AV_TW_R.MODEL_ITEM C8_MODEL_ITEM,  W_YFY_AV_TW_R.ORDER_TRANSPORT_FEE C9_ORDER_TRANSPORT_FEE,  W_YFY_AV_TW_R.PRICECLASS_COST C10_PRICECLASS_COST from ODS.W_YFY_AV_TW_R   W_YFY_AV_TW_R where (1=1)        )","select ""C1_ROW_ID"",""C2_ORG_ID"",""C3_REF_AV_HEADER_ID"",""C4_ORDER_AV"",""C5_UPDATE_DT"",""C6_CREATION_DT"",""C7_DATASOURCE_NUM_ID"",""C8_MODEL_ITEM"",""C9_ORDER_TRANSPORT_FEE"",""C10_PRICECLASS_COST"" from (    select   W_YFY_AV_TW_R.ROW_ID C1_ROW_ID,  W_YFY_AV_TW_R.ORG_ID C2_ORG_ID,  W_YFY_AV_TW_R.REF_AV_HEADER_ID C3_REF_AV_HEADER_ID,  W_YFY_AV_TW_R.ORDER_AV C4_ORDER_AV,  W_YFY_AV_TW_R.UPDATE_DT C5_UPDATE_DT,  W_YFY_AV_TW_R.CREATION_DT C6_CREATION_DT,  W_YFY_AV_TW_R.DATASOURCE_NUM_ID C7_DATASOURCE_NUM_ID,  W_YFY_AV_TW_R.MODEL_ITEM C8_MODEL_ITEM,  W_YFY_AV_TW_R.ORDER_TRANSPORT_FEE C9_ORDER_TRANSPORT_FEE,  W_YFY_AV_TW_R.PRICECLASS_COST C10_PRICECLASS_COST from ODS.W_YFY_AV_TW_R   W_YFY_AV_TW_R where ()","```json
{
    ""Datasource"": [""ODS.W_YFY_AV_TW_R""],
    ""Filter"": [],
    ""Join"": [],
    ""Groupby"": {}
}
```","{
    ""Datasource"": [""ODS.W_YFY_AV_TW_R""],
    ""Filter"": [],
    ""Join"": [],
    ""Groupby"": {}
}","{ ""Datasource"": [""ODS.W_YFY_AV_TW_R""], ""Filter"": [], ""Join"": [], ""Groupby"": {}}"
C$_0W_YFY_IND_FIN_INFO_FS,"select   FIN_INFO.SEQ    C1_SEQ,  FIN_INFO.ACCOUNT    C2_ACCOUNT,  FIN_INFO.AMOUNT    C3_AMOUNT from ODS.TC$_0W_YFY_IND_FIN_INFO_FS  FIN_INFO ","select   FIN_INFO.SEQ    C1_SEQ,  FIN_INFO.ACCOUNT    C2_ACCOUNT,  FIN_INFO.AMOUNT    C3_AMOUNT from ODS.TC$_0W_YFY_IND_FIN_INFO_FS  FIN_INFO ","{
    ""Union1"": {
        ""Datasource"": [""ODS.TC$_0W_YFY_IND_FIN_INFO_FS""],
        ""Filter"": [],
        ""Join"": [],
        ""Groupby"": {}
    }
}","{
    ""Union1"": {
        ""Datasource"": [""ODS.TC$_0W_YFY_IND_FIN_INFO_FS""],
        ""Filter"": [],
        ""Join"": [],
        ""Groupby"": {}
    }
}","{ ""Union1"": { ""Datasource"": [""ODS.TC$_0W_YFY_IND_FIN_INFO_FS""], ""Filter"": [], ""Join"": [], ""Groupby"": {} }}"
OP_FACT_CHP_INVENTORY_ETH_PULP,"SELECT PERIOD_NAME,STOCK_DATE TDATE,ORG_CODE,'紙漿' STOCK_TYPE, 4 STOCK_TYPE_SORT   ,INVENTORY_ITEM_ID   ,UOM,QTY FROM W_FACTORY_INV_BALANCE_F UNION ALL --花蓮自製漿當月最新庫存 SELECT PERIOD_NAME,STOCK_DATE TDATE,ORG_CODE,'紙漿' STOCK_TYPE, 4 STOCK_TYPE_SORT   ,INVENTORY_ITEM_ID   ,UOM,QTY FROM W_FACTORY_INV_F INV     ,(select max(stock_date) tdate from W_FACTORY_INV_F where ORG_CODE='ETH' AND MEMO='花蓮自製漿' AND PERIOD_NAME = to_char(CURRENT_DATE,'yyyy/mm') ) MS WHERE 1=1   and INV.STOCK_DATE = MS.TDATE   AND INV.ORG_CODE='ETH' AND INV.MEMO='花蓮自製漿'","SELECT PERIOD_NAME,STOCK_DATE TDATE,ORG_CODE,'紙漿' STOCK_TYPE, 4 STOCK_TYPE_SORT   ,INVENTORY_ITEM_ID   ,UOM,QTY FROM W_FACTORY_INV_BALANCE_F UNION ALL --花蓮自製漿當月最新庫存 SELECT PERIOD_NAME,STOCK_DATE TDATE,ORG_CODE,'紙漿' STOCK_TYPE, 4 STOCK_TYPE_SORT   ,INVENTORY_ITEM_ID   ,UOM,QTY FROM W_FACTORY_INV_F INV     ,(select max(stock_date) tdate from W_FACTORY_INV_F where ORG_CODE='ETH' AND MEMO='花蓮自製漿' AND PERIOD_NAME = to_char(CURRENT_DATE,'yyyy/mm') ) MS WHERE and INV.STOCK_DATE = MS.TDATE   AND INV.ORG_CODE='ETH' AND INV.MEMO='花蓮自製漿'","{
    ""Union1"": {
        ""Datasource"": ['W_FACTORY_INV_BALANCE_F'],
        ""Filter"": [],
        ""Join"": [],
        ""Groupby"": {}
    },
    
    ""Union2"": {
        ""Datasource"": ['W_FACTORY_INV_F', 'W_FACTORY_INV_F(g)'],
        ""Filter"": [
            ""W_FACTORY_INV_F.ORG_CODE = 'ETH'"",
            ""W_FACTORY_INV_F.MEMO = '花蓮自製漿'""
        ],
        ""Join"": [
            ""W_FACTORY_INV_F.STOCK_DATE = W_FACTORY_INV_F(g).TDATE""
        ],
        ""Groupby"": {
            ""W_FACTORY_INV_F(g)"": ""(SELECT MAX(stock_date) tdate FROM W_FACTORY_INV_F WHERE ORG_CODE = 'ETH' AND MEMO = '花蓮自製漿' AND PERIOD_NAME = TO_CHAR(CURRENT_DATE, 'yyyy/mm'))""
        }
    }
}","{
    ""Union1"": {
        ""Datasource"": [""W_FACTORY_INV_BALANCE_F""],
        ""Filter"": [],
        ""Join"": [],
        ""Groupby"": {}
    },
    
    ""Union2"": {
        ""Datasource"": [""W_FACTORY_INV_F"", ""W_FACTORY_INV_F(g)""],
        ""Filter"": [
            ""W_FACTORY_INV_F.ORG_CODE = 'ETH'"",
            ""W_FACTORY_INV_F.MEMO = '花蓮自製漿'""
        ],
        ""Join"": [
            ""W_FACTORY_INV_F.STOCK_DATE = W_FACTORY_INV_F(g).TDATE""
        ],
        ""Groupby"": {
            ""W_FACTORY_INV_F(g)"": ""(SELECT MAX(stock_date) tdate FROM W_FACTORY_INV_F WHERE ORG_CODE = 'ETH' AND MEMO = '花蓮自製漿' AND PERIOD_NAME = TO_CHAR(CURRENT_DATE, 'yyyy/mm'))""
        }
    }
}","{ ""Union1"": { ""Datasource"": [""W_FACTORY_INV_BALANCE_F""], ""Filter"": [], ""Join"": [], ""Groupby"": {} }, ""Union2"": { ""Datasource"": [""W_FACTORY_INV_F"", ""W_FACTORY_INV_F(g)""], ""Filter"": [ ""W_FACTORY_INV_F.ORG_CODE = 'ETH'"", ""W_FACTORY_INV_F.MEMO = '花蓮自製漿'"" ], ""Join"": [ ""W_FACTORY_INV_F.STOCK_DATE = W_FACTORY_INV_F(g).TDATE"" ], ""Groupby"": { ""W_FACTORY_INV_F(g)"": ""(SELECT MAX(stock_date) tdate FROM W_FACTORY_INV_F WHERE ORG_CODE = 'ETH' AND MEMO = '花蓮自製漿' AND PERIOD_NAME = TO_CHAR(CURRENT_DATE, 'yyyy/mm'))"" } }}"
OP_FACT_CHP_INVENTORY_REDEFINE,"SELECT PERIOD_NAME,TDATE,ORG_CODE   ,CASE ORG_CODE WHEN 'FTA' THEN '久堂' WHEN 'FTE' THEN '台東' WHEN 'ETH' THEN '花蓮' ELSE '其他' END STOCK_TYPE   ,CASE ORG_CODE WHEN 'FTA' THEN 1 WHEN 'FTE' THEN 2 WHEN 'ETH' THEN 3 ELSE 9 END STOCK_TYPE_SORT   ,INVENTORY_ITEM_ID--,ITEM_NO   ,UOM,SUM(QTY) QTY FROM (   --每月月底庫存資料   SELECT F.PERIOD_NAME,F.BALANCE_DATE TDATE   ,NVL(R.ORG_CODE_NEW,O.ORG_CODE) ORG_CODE   --,O.ORG_CODE ORG_CODE_Original   ,F.INVENTORY_ITEM_ID   --,I.ITEM_NUMBER ITEM_NO   --,F.SUB_INVENTORY   ,'MT' UOM,F.END_QTY / 1000 AS QTY   FROM W_YFY_INV_BALANCE_F F       ,w_chp_item_d I       ,W_YFY_ORG_D O       ,W_CHP_TS_BELONG_ORG_R R   WHERE 1=1     AND F.ORGANIZATION_ID IN (290,291,305,286,287,288,289)     AND F.ORGANIZATION_ID = I.ORGANIZATION_ID AND F.INVENTORY_ITEM_ID = I.INVENTORY_ITEM_ID     AND F.ORGANIZATION_ID = O.ORG_ID     AND I.ITEM_NUMBER LIKE '4%' AND I.CATEGORY_CODE='FG' AND F.UOM='KG'     AND I.ITEM_DESC_TCH <> '漿塑盤'     AND NOT(F.SUB_INVENTORY  IN ('RM','MTL','SFG','SFGW','FG-PP','FG-PP1')           OR F.SUB_INVENTORY LIKE '%FGS%' )       AND R.ORG_CODE(+) = O.ORG_CODE AND R.SUBINVENTORY_CODE(+) = F.SUB_INVENTORY            AND F.PERIOD_NAME >= '2023/01'   UNION ALL   --當月1號期初庫存資料   SELECT TO_CHAR(CURRENT_DATE,'YYYY/MM') PERIOD_NAME, TO_DATE(TO_CHAR(CURRENT_DATE,'YYYY/MM') || '/01','YYYY/MM/DD' ) TDATE   ,NVL(R.ORG_CODE_NEW,O.ORG_CODE) ORG_CODE   --,O.ORG_CODE ORG_CODE_Original   ,F.INVENTORY_ITEM_ID   --,I.ITEM_NUMBER ITEM_NO   --,F.SUB_INVENTORY   ,'MT' UOM,F.END_QTY / 1000 AS QTY   FROM W_YFY_INV_BALANCE_F F       ,w_chp_item_d I       ,W_YFY_ORG_D O       ,W_CHP_TS_BELONG_ORG_R R   WHERE 1=1     AND F.ORGANIZATION_ID IN (290,291,305,286,287,288,289)     AND F.ORGANIZATION_ID = I.ORGANIZATION_ID AND F.INVENTORY_ITEM_ID = I.INVENTORY_ITEM_ID     AND F.ORGANIZATION_ID = O.ORG_ID     AND I.ITEM_NUMBER LIKE '4%' AND I.CATEGORY_CODE='FG' AND F.UOM='KG'     AND I.ITEM_DESC_TCH <> '漿塑盤'     AND NOT(F.SUB_INVENTORY  IN ('RM','MTL','SFG','SFGW','FG-PP','FG-PP1')           OR F.SUB_INVENTORY LIKE '%FGS%' )       AND R.ORG_CODE(+) = O.ORG_CODE AND R.SUBINVENTORY_CODE(+) = F.SUB_INVENTORY            AND F.PERIOD_NAME = TO_CHAR(add_months(trunc(CURRENT_DATE,'mm'),-1),'YYYY/MM')     and to_char(CURRENT_DATE,'dd') <> '01'   UNION ALL     --當月每日庫存異動資料   SELECT F.PERIOD_NAME,TRUNC(F.TRANSACTION_DATE) TDATE   ,NVL(R.ORG_CODE_NEW,O.ORG_CODE) ORG_CODE   --,O.ORG_CODE ORG_CODE_Original   ,F.INVENTORY_ITEM_ID   --,I.ITEM_NUMBER ITEM_NO   --,F.SUB_INVENTORY   ,'MT' UOM,F.TRANSACTION_QTY / 1000 AS QTY   FROM W_CHP_MMT_F F       ,w_chp_item_d I       ,W_YFY_ORG_D O       ,W_CHP_TS_BELONG_ORG_R R   WHERE 1=1     AND F.ORGANIZATION_ID IN (290,291,305,286,287,288,289)     AND F.ORGANIZATION_ID = I.ORGANIZATION_ID AND F.INVENTORY_ITEM_ID = I.INVENTORY_ITEM_ID     AND F.ORGANIZATION_ID = O.ORG_ID     AND I.ITEM_NUMBER LIKE '4%' AND I.CATEGORY_CODE='FG' AND F.TRANSACTION_UOM='KG'     AND I.ITEM_DESC_TCH <> '漿塑盤'     AND NOT(F.SUB_INVENTORY  IN ('RM','MTL','SFG','SFGW','FG-PP','FG-PP1')           OR F.SUB_INVENTORY LIKE '%FGS%' )       AND R.ORG_CODE(+) = O.ORG_CODE AND R.SUBINVENTORY_CODE(+) = F.SUB_INVENTORY            AND F.PERIOD_NAME = TO_CHAR(CURRENT_DATE,'YYYY/MM') and F.TRANSACTION_DATE < trunc(CURRENT_DATE)   )   GROUP BY PERIOD_NAME,TDATE,ORG_CODE   ,CASE ORG_CODE WHEN 'ETH' THEN '花蓮' WHEN 'FTA' THEN '久堂' WHEN 'FTE' THEN '台東' ELSE '其他' END   ,INVENTORY_ITEM_ID--,ITEM_NO   ,UOM","SELECT PERIOD_NAME,TDATE,ORG_CODE   ,CASE ORG_CODE WHEN 'FTA' THEN '久堂' WHEN 'FTE' THEN '台東' WHEN 'ETH' THEN '花蓮' ELSE '其他' END STOCK_TYPE   ,CASE ORG_CODE WHEN 'FTA' THEN 1 WHEN 'FTE' THEN 2 WHEN 'ETH' THEN 3 ELSE 9 END STOCK_TYPE_SORT   ,INVENTORY_ITEM_ID--,ITEM_NO   ,UOM,SUM(QTY) QTY FROM (   --每月月底庫存資料   SELECT F.PERIOD_NAME,F.BALANCE_DATE TDATE   ,NVL(R.ORG_CODE_NEW,O.ORG_CODE) ORG_CODE   --,O.ORG_CODE ORG_CODE_Original   ,F.INVENTORY_ITEM_ID   --,I.ITEM_NUMBER ITEM_NO   --,F.SUB_INVENTORY   ,'MT' UOM,F.END_QTY / 1000 AS QTY   FROM W_YFY_INV_BALANCE_F F       ,w_chp_item_d I       ,W_YFY_ORG_D O       ,W_CHP_TS_BELONG_ORG_R R   WHERE AND F.ORGANIZATION_ID IN (290,291,305,286,287,288,289)     AND F.ORGANIZATION_ID = I.ORGANIZATION_ID AND F.INVENTORY_ITEM_ID = I.INVENTORY_ITEM_ID     AND F.ORGANIZATION_ID = O.ORG_ID     AND I.ITEM_NUMBER LIKE '4%' AND I.CATEGORY_CODE='FG' AND F.UOM='KG'     AND I.ITEM_DESC_TCH <> '漿塑盤'     AND NOT(F.SUB_INVENTORY  IN ('RM','MTL','SFG','SFGW','FG-PP','FG-PP1')           OR F.SUB_INVENTORY LIKE '%FGS%' )       AND R.ORG_CODE(+) = O.ORG_CODE AND R.SUBINVENTORY_CODE(+) = F.SUB_INVENTORY            AND F.PERIOD_NAME >= '2023/01'   UNION ALL   --當月1號期初庫存資料   SELECT TO_CHAR(CURRENT_DATE,'YYYY/MM') PERIOD_NAME, TO_DATE(TO_CHAR(CURRENT_DATE,'YYYY/MM') || '/01','YYYY/MM/DD' ) TDATE   ,NVL(R.ORG_CODE_NEW,O.ORG_CODE) ORG_CODE   --,O.ORG_CODE ORG_CODE_Original   ,F.INVENTORY_ITEM_ID   --,I.ITEM_NUMBER ITEM_NO   --,F.SUB_INVENTORY   ,'MT' UOM,F.END_QTY / 1000 AS QTY   FROM W_YFY_INV_BALANCE_F F       ,w_chp_item_d I       ,W_YFY_ORG_D O       ,W_CHP_TS_BELONG_ORG_R R   WHERE AND F.ORGANIZATION_ID IN (290,291,305,286,287,288,289)     AND F.ORGANIZATION_ID = I.ORGANIZATION_ID AND F.INVENTORY_ITEM_ID = I.INVENTORY_ITEM_ID     AND F.ORGANIZATION_ID = O.ORG_ID     AND I.ITEM_NUMBER LIKE '4%' AND I.CATEGORY_CODE='FG' AND F.UOM='KG'     AND I.ITEM_DESC_TCH <> '漿塑盤'     AND NOT(F.SUB_INVENTORY  IN ('RM','MTL','SFG','SFGW','FG-PP','FG-PP1')           OR F.SUB_INVENTORY LIKE '%FGS%' )       AND R.ORG_CODE(+) = O.ORG_CODE AND R.SUBINVENTORY_CODE(+) = F.SUB_INVENTORY            AND F.PERIOD_NAME = TO_CHAR(add_months(trunc(CURRENT_DATE,'mm'),-1),'YYYY/MM')     and to_char(CURRENT_DATE,'dd') <> '01'   UNION ALL     --當月每日庫存異動資料   SELECT F.PERIOD_NAME,TRUNC(F.TRANSACTION_DATE) TDATE   ,NVL(R.ORG_CODE_NEW,O.ORG_CODE) ORG_CODE   --,O.ORG_CODE ORG_CODE_Original   ,F.INVENTORY_ITEM_ID   --,I.ITEM_NUMBER ITEM_NO   --,F.SUB_INVENTORY   ,'MT' UOM,F.TRANSACTION_QTY / 1000 AS QTY   FROM W_CHP_MMT_F F       ,w_chp_item_d I       ,W_YFY_ORG_D O       ,W_CHP_TS_BELONG_ORG_R R   WHERE AND F.ORGANIZATION_ID IN (290,291,305,286,287,288,289)     AND F.ORGANIZATION_ID = I.ORGANIZATION_ID AND F.INVENTORY_ITEM_ID = I.INVENTORY_ITEM_ID     AND F.ORGANIZATION_ID = O.ORG_ID     AND I.ITEM_NUMBER LIKE '4%' AND I.CATEGORY_CODE='FG' AND F.TRANSACTION_UOM='KG'     AND I.ITEM_DESC_TCH <> '漿塑盤'     AND NOT(F.SUB_INVENTORY  IN ('RM','MTL','SFG','SFGW','FG-PP','FG-PP1')           OR F.SUB_INVENTORY LIKE '%FGS%' )       AND R.ORG_CODE(+) = O.ORG_CODE AND R.SUBINVENTORY_CODE(+) = F.SUB_INVENTORY            AND F.PERIOD_NAME = TO_CHAR(CURRENT_DATE,'YYYY/MM') and F.TRANSACTION_DATE < trunc(CURRENT_DATE)   )   GROUP BY PERIOD_NAME,TDATE,ORG_CODE   ,CASE ORG_CODE WHEN 'ETH' THEN '花蓮' WHEN 'FTA' THEN '久堂' WHEN 'FTE' THEN '台東' ELSE '其他' END   ,INVENTORY_ITEM_ID--,ITEM_NO   ,UOM","```json
{
    ""Union1"": {
        ""Datasource"": ['W_YFY_INV_BALANCE_F', 'w_chp_item_d', 'W_YFY_ORG_D', 'W_CHP_TS_BELONG_ORG_R'],
        ""Filter"": [
            ""W_YFY_INV_BALANCE_F.ORGANIZATION_ID IN (290,291,305,286,287,288,289)"",
            ""w_chp_item_d.ITEM_NUMBER LIKE '4%'"",
            ""w_chp_item_d.CATEGORY_CODE = 'FG'"",
            ""W_YFY_INV_BALANCE_F.UOM = 'KG'"",
            ""w_chp_item_d.ITEM_DESC_TCH <> '漿塑盤'"",
            ""NOT(W_YFY_INV_BALANCE_F.SUB_INVENTORY IN ('RM','MTL','SFG','SFGW','FG-PP','FG-PP1') OR W_YFY_INV_BALANCE_F.SUB_INVENTORY LIKE '%FGS%')"",
            ""W_CHP_TS_BELONG_ORG_R.ORG_CODE(+) = W_YFY_ORG_D.ORG_CODE"",
            ""W_CHP_TS_BELONG_ORG_R.SUBINVENTORY_CODE(+) = W_YFY_INV_BALANCE_F.SUB_INVENTORY"",
            ""W_YFY_INV_BALANCE_F.PERIOD_NAME >= '2023/01'""
        ],
        ""Join"": [
            ""W_YFY_INV_BALANCE_F.ORGANIZATION_ID = w_chp_item_d.ORGANIZATION_ID"",
            ""W_YFY_INV_BALANCE_F.INVENTORY_ITEM_ID = w_chp_item_d.INVENTORY_ITEM_ID"",
            ""W_YFY_INV_BALANCE_F.ORGANIZATION_ID = W_YFY_ORG_D.ORG_ID""
        ],
        ""Groupby"": {}
    },
    
    ""Union2"": {
        ""Datasource"": ['W_YFY_INV_BALANCE_F', 'w_chp_item_d', 'W_YFY_ORG_D', 'W_CHP_TS_BELONG_ORG_R'],
        ""Filter"": [
            ""W_YFY_INV_BALANCE_F.ORGANIZATION_ID IN (290,291,305,286,287,288,289)"",
            ""w_chp_item_d.ITEM_NUMBER LIKE '4%'"",
            ""w_chp_item_d.CATEGORY_CODE = 'FG'"",
            ""W_YFY_INV_BALANCE_F.UOM = 'KG'"",
            ""w_chp_item_d.ITEM_DESC_TCH <> '漿塑盤'"",
            ""NOT(W_YFY_INV_BALANCE_F.SUB_INVENTORY IN ('RM','MTL','SFG','SFGW','FG-PP','FG-PP1') OR W_YFY_INV_BALANCE_F.SUB_INVENTORY LIKE '%FGS%')"",
            ""W_CHP_TS_BELONG_ORG_R.ORG_CODE(+) = W_YFY_ORG_D.ORG_CODE"",
            ""W_CHP_TS_BELONG_ORG_R.SUBINVENTORY_CODE(+) = W_YFY_INV_BALANCE_F.SUB_INVENTORY"",
            ""W_YFY_INV_BALANCE_F.PERIOD_NAME = TO_CHAR(add_months(trunc(CURRENT_DATE, 'mm'), -1), 'YYYY/MM')"",
            ""TO_CHAR(CURRENT_DATE, 'dd') <> '01'""
        ],
        ""Join"": [
            ""W_YFY_INV_BALANCE_F.ORGANIZATION_ID = w_chp_item_d.ORGANIZATION_ID"",
            ""W_YFY_INV_BALANCE_F.INVENTORY_ITEM_ID = w_chp_item_d.INVENTORY_ITEM_ID"",
            ""W_YFY_INV_BALANCE_F.ORGANIZATION_ID = W_YFY_ORG_D.ORG_ID""
        ],
        ""Groupby"": {}
    },

    ""Union3"": {
        ""Datasource"": ['W_CHP_MMT_F', 'w_chp_item_d', 'W_YFY_ORG_D', 'W_CHP_TS_BELONG_ORG_R'],
        ""Filter"": [
            ""W_CHP_MMT_F.ORGANIZATION_ID IN (290,291,305,286,287,288,289)"",
            ""w_chp_item_d.ITEM_NUMBER LIKE '4%'"",
            ""w_chp_item_d.CATEGORY_CODE = 'FG'"",
            ""W_CHP_MMT_F.TRANSACTION_UOM = 'KG'"",
            ""w_chp_item_d.ITEM_DESC_TCH <> '漿塑盤'"",
            ""NOT(W_CHP_MMT_F.SUB_INVENTORY IN ('RM','MTL','SFG','SFGW','FG-PP','FG-PP1') OR W_CHP_MMT_F.SUB_INVENTORY LIKE '%FGS%')"",
            ""W_CHP_TS_BELONG_ORG_R.ORG_CODE(+) = W_YFY_ORG_D.ORG_CODE"",
            ""W_CHP_TS_BELONG_ORG_R.SUBINVENTORY_CODE(+) = W_CHP_MMT_F.SUB_INVENTORY"",
            ""W_CHP_MMT_F.PERIOD_NAME = TO_CHAR(CURRENT_DATE, 'YYYY/MM')"",
            ""W_CHP_MMT_F.TRANSACTION_DATE < TRUNC(CURRENT_DATE)""
        ],
        ""Join"": [
            ""W_CHP_MMT_F.ORGANIZATION_ID = w_chp_item_d.ORGANIZATION_ID"",
            ""W_CHP_MMT_F.INVENTORY_ITEM_ID = w_chp_item_d.INVENTORY_ITEM_ID"",
            ""W_CHP_MMT_F.ORGANIZATION_ID = W_YFY_ORG_D.ORG_ID""
        ],
        ""Groupby"": {}
    },

    ""Final"": {
        ""Datasource"": ['(All Union Tables)'],
        ""Filter"": [],
        ""Join"": [],
        ""Groupby"": {
            ""PERIOD_NAME"",
            ""TDATE"",
            ""ORG_CODE"",
            ""CASE ORG_CODE WHEN 'ETH' THEN '花蓮' WHEN 'FTA' THEN '久堂' WHEN 'FTE' THEN '台東' ELSE '其他' END"",
            ""INVENTORY_ITEM_ID"",
            ""UOM""
        }
    }
}
```","{
    ""Union1"": {
        ""Datasource"": [""W_YFY_INV_BALANCE_F"", ""w_chp_item_d"", ""W_YFY_ORG_D"", ""W_CHP_TS_BELONG_ORG_R""],
        ""Filter"": [
            ""W_YFY_INV_BALANCE_F.ORGANIZATION_ID IN (290,291,305,286,287,288,289)"",
            ""w_chp_item_d.ITEM_NUMBER LIKE '4%'"",
            ""w_chp_item_d.CATEGORY_CODE = 'FG'"",
            ""W_YFY_INV_BALANCE_F.UOM = 'KG'"",
            ""w_chp_item_d.ITEM_DESC_TCH <> '漿塑盤'"",
            ""NOT(W_YFY_INV_BALANCE_F.SUB_INVENTORY IN ('RM','MTL','SFG','SFGW','FG-PP','FG-PP1') OR W_YFY_INV_BALANCE_F.SUB_INVENTORY LIKE '%FGS%')"",
            ""W_CHP_TS_BELONG_ORG_R.ORG_CODE(+) = W_YFY_ORG_D.ORG_CODE"",
            ""W_CHP_TS_BELONG_ORG_R.SUBINVENTORY_CODE(+) = W_YFY_INV_BALANCE_F.SUB_INVENTORY"",
            ""W_YFY_INV_BALANCE_F.PERIOD_NAME >= '2023/01'""
        ],
        ""Join"": [
            ""W_YFY_INV_BALANCE_F.ORGANIZATION_ID = w_chp_item_d.ORGANIZATION_ID"",
            ""W_YFY_INV_BALANCE_F.INVENTORY_ITEM_ID = w_chp_item_d.INVENTORY_ITEM_ID"",
            ""W_YFY_INV_BALANCE_F.ORGANIZATION_ID = W_YFY_ORG_D.ORG_ID""
        ],
        ""Groupby"": {}
    },
    
    ""Union2"": {
        ""Datasource"": [""W_YFY_INV_BALANCE_F"", ""w_chp_item_d"", ""W_YFY_ORG_D"", ""W_CHP_TS_BELONG_ORG_R""],
        ""Filter"": [
            ""W_YFY_INV_BALANCE_F.ORGANIZATION_ID IN (290,291,305,286,287,288,289)"",
            ""w_chp_item_d.ITEM_NUMBER LIKE '4%'"",
            ""w_chp_item_d.CATEGORY_CODE = 'FG'"",
            ""W_YFY_INV_BALANCE_F.UOM = 'KG'"",
            ""w_chp_item_d.ITEM_DESC_TCH <> '漿塑盤'"",
            ""NOT(W_YFY_INV_BALANCE_F.SUB_INVENTORY IN ('RM','MTL','SFG','SFGW','FG-PP','FG-PP1') OR W_YFY_INV_BALANCE_F.SUB_INVENTORY LIKE '%FGS%')"",
            ""W_CHP_TS_BELONG_ORG_R.ORG_CODE(+) = W_YFY_ORG_D.ORG_CODE"",
            ""W_CHP_TS_BELONG_ORG_R.SUBINVENTORY_CODE(+) = W_YFY_INV_BALANCE_F.SUB_INVENTORY"",
            ""W_YFY_INV_BALANCE_F.PERIOD_NAME = TO_CHAR(add_months(trunc(CURRENT_DATE, 'mm'), -1), 'YYYY/MM')"",
            ""TO_CHAR(CURRENT_DATE, 'dd') <> '01'""
        ],
        ""Join"": [
            ""W_YFY_INV_BALANCE_F.ORGANIZATION_ID = w_chp_item_d.ORGANIZATION_ID"",
            ""W_YFY_INV_BALANCE_F.INVENTORY_ITEM_ID = w_chp_item_d.INVENTORY_ITEM_ID"",
            ""W_YFY_INV_BALANCE_F.ORGANIZATION_ID = W_YFY_ORG_D.ORG_ID""
        ],
        ""Groupby"": {}
    },

    ""Union3"": {
        ""Datasource"": [""W_CHP_MMT_F"", ""w_chp_item_d"", ""W_YFY_ORG_D"", ""W_CHP_TS_BELONG_ORG_R""],
        ""Filter"": [
            ""W_CHP_MMT_F.ORGANIZATION_ID IN (290,291,305,286,287,288,289)"",
            ""w_chp_item_d.ITEM_NUMBER LIKE '4%'"",
            ""w_chp_item_d.CATEGORY_CODE = 'FG'"",
            ""W_CHP_MMT_F.TRANSACTION_UOM = 'KG'"",
            ""w_chp_item_d.ITEM_DESC_TCH <> '漿塑盤'"",
            ""NOT(W_CHP_MMT_F.SUB_INVENTORY IN ('RM','MTL','SFG','SFGW','FG-PP','FG-PP1') OR W_CHP_MMT_F.SUB_INVENTORY LIKE '%FGS%')"",
            ""W_CHP_TS_BELONG_ORG_R.ORG_CODE(+) = W_YFY_ORG_D.ORG_CODE"",
            ""W_CHP_TS_BELONG_ORG_R.SUBINVENTORY_CODE(+) = W_CHP_MMT_F.SUB_INVENTORY"",
            ""W_CHP_MMT_F.PERIOD_NAME = TO_CHAR(CURRENT_DATE, 'YYYY/MM')"",
            ""W_CHP_MMT_F.TRANSACTION_DATE < TRUNC(CURRENT_DATE)""
        ],
        ""Join"": [
            ""W_CHP_MMT_F.ORGANIZATION_ID = w_chp_item_d.ORGANIZATION_ID"",
            ""W_CHP_MMT_F.INVENTORY_ITEM_ID = w_chp_item_d.INVENTORY_ITEM_ID"",
            ""W_CHP_MMT_F.ORGANIZATION_ID = W_YFY_ORG_D.ORG_ID""
        ],
        ""Groupby"": {}
    },

    ""Final"": {
        ""Datasource"": [""(All Union Tables)""],
        ""Filter"": [],
        ""Join"": [],
        ""Groupby"": [
            ""PERIOD_NAME"",
            ""TDATE"",
            ""ORG_CODE"",
            ""CASE ORG_CODE WHEN 'ETH' THEN '花蓮' WHEN 'FTA' THEN '久堂' WHEN 'FTE' THEN '台東' ELSE '其他' END"",
            ""INVENTORY_ITEM_ID"",
            ""UOM""
        ]
    }
}","{ ""Union1"": { ""Datasource"": [""W_YFY_INV_BALANCE_F"", ""w_chp_item_d"", ""W_YFY_ORG_D"", ""W_CHP_TS_BELONG_ORG_R""], ""Filter"": [ ""W_YFY_INV_BALANCE_F.ORGANIZATION_ID IN (290,291,305,286,287,288,289)"", ""w_chp_item_d.ITEM_NUMBER LIKE '4%'"", ""w_chp_item_d.CATEGORY_CODE = 'FG'"", ""W_YFY_INV_BALANCE_F.UOM = 'KG'"", ""w_chp_item_d.ITEM_DESC_TCH <> '漿塑盤'"", ""NOT(W_YFY_INV_BALANCE_F.SUB_INVENTORY IN ('RM','MTL','SFG','SFGW','FG-PP','FG-PP1') OR W_YFY_INV_BALANCE_F.SUB_INVENTORY LIKE '%FGS%')"", ""W_CHP_TS_BELONG_ORG_R.ORG_CODE(+) = W_YFY_ORG_D.ORG_CODE"", ""W_CHP_TS_BELONG_ORG_R.SUBINVENTORY_CODE(+) = W_YFY_INV_BALANCE_F.SUB_INVENTORY"", ""W_YFY_INV_BALANCE_F.PERIOD_NAME >= '2023/01'"" ], ""Join"": [ ""W_YFY_INV_BALANCE_F.ORGANIZATION_ID = w_chp_item_d.ORGANIZATION_ID"", ""W_YFY_INV_BALANCE_F.INVENTORY_ITEM_ID = w_chp_item_d.INVENTORY_ITEM_ID"", ""W_YFY_INV_BALANCE_F.ORGANIZATION_ID = W_YFY_ORG_D.ORG_ID"" ], ""Groupby"": {} }, ""Union2"": { ""Datasource"": [""W_YFY_INV_BALANCE_F"", ""w_chp_item_d"", ""W_YFY_ORG_D"", ""W_CHP_TS_BELONG_ORG_R""], ""Filter"": [ ""W_YFY_INV_BALANCE_F.ORGANIZATION_ID IN (290,291,305,286,287,288,289)"", ""w_chp_item_d.ITEM_NUMBER LIKE '4%'"", ""w_chp_item_d.CATEGORY_CODE = 'FG'"", ""W_YFY_INV_BALANCE_F.UOM = 'KG'"", ""w_chp_item_d.ITEM_DESC_TCH <> '漿塑盤'"", ""NOT(W_YFY_INV_BALANCE_F.SUB_INVENTORY IN ('RM','MTL','SFG','SFGW','FG-PP','FG-PP1') OR W_YFY_INV_BALANCE_F.SUB_INVENTORY LIKE '%FGS%')"", ""W_CHP_TS_BELONG_ORG_R.ORG_CODE(+) = W_YFY_ORG_D.ORG_CODE"", ""W_CHP_TS_BELONG_ORG_R.SUBINVENTORY_CODE(+) = W_YFY_INV_BALANCE_F.SUB_INVENTORY"", ""W_YFY_INV_BALANCE_F.PERIOD_NAME = TO_CHAR(add_months(trunc(CURRENT_DATE, 'mm'), -1), 'YYYY/MM')"", ""TO_CHAR(CURRENT_DATE, 'dd') <> '01'"" ], ""Join"": [ ""W_YFY_INV_BALANCE_F.ORGANIZATION_ID = w_chp_item_d.ORGANIZATION_ID"", ""W_YFY_INV_BALANCE_F.INVENTORY_ITEM_ID = w_chp_item_d.INVENTORY_ITEM_ID"", ""W_YFY_INV_BALANCE_F.ORGANIZATION_ID = W_YFY_ORG_D.ORG_ID"" ], ""Groupby"": {} }, ""Union3"": { ""Datasource"": [""W_CHP_MMT_F"", ""w_chp_item_d"", ""W_YFY_ORG_D"", ""W_CHP_TS_BELONG_ORG_R""], ""Filter"": [ ""W_CHP_MMT_F.ORGANIZATION_ID IN (290,291,305,286,287,288,289)"", ""w_chp_item_d.ITEM_NUMBER LIKE '4%'"", ""w_chp_item_d.CATEGORY_CODE = 'FG'"", ""W_CHP_MMT_F.TRANSACTION_UOM = 'KG'"", ""w_chp_item_d.ITEM_DESC_TCH <> '漿塑盤'"", ""NOT(W_CHP_MMT_F.SUB_INVENTORY IN ('RM','MTL','SFG','SFGW','FG-PP','FG-PP1') OR W_CHP_MMT_F.SUB_INVENTORY LIKE '%FGS%')"", ""W_CHP_TS_BELONG_ORG_R.ORG_CODE(+) = W_YFY_ORG_D.ORG_CODE"", ""W_CHP_TS_BELONG_ORG_R.SUBINVENTORY_CODE(+) = W_CHP_MMT_F.SUB_INVENTORY"", ""W_CHP_MMT_F.PERIOD_NAME = TO_CHAR(CURRENT_DATE, 'YYYY/MM')"", ""W_CHP_MMT_F.TRANSACTION_DATE < TRUNC(CURRENT_DATE)"" ], ""Join"": [ ""W_CHP_MMT_F.ORGANIZATION_ID = w_chp_item_d.ORGANIZATION_ID"", ""W_CHP_MMT_F.INVENTORY_ITEM_ID = w_chp_item_d.INVENTORY_ITEM_ID"", ""W_CHP_MMT_F.ORGANIZATION_ID = W_YFY_ORG_D.ORG_ID"" ], ""Groupby"": {} }, ""Final"": { ""Datasource"": [""(All Union Tables)""], ""Filter"": [], ""Join"": [], ""Groupby"": [ ""PERIOD_NAME"", ""TDATE"", ""ORG_CODE"", ""CASE ORG_CODE WHEN 'ETH' THEN '花蓮' WHEN 'FTA' THEN '久堂' WHEN 'FTE' THEN '台東' ELSE '其他' END"", ""INVENTORY_ITEM_ID"", ""UOM"" ] }}"
OP_FACT_CHP_SALES_DETAILS,"SELECT      '當月受訂' TYPE,     --GREATEST(F.REQUEST_DATE,F.SCHEDULE_SHIP_DATE) Achieve_DATE,     CASE WHEN TO_CHAR(GREATEST(F.REQUEST_DATE,F.SCHEDULE_SHIP_DATE),'YYYY/MM') = TO_CHAR(F.ordered_date,'YYYY/MM')       THEN F.ordered_date        ELSE trunc(GREATEST(F.REQUEST_DATE,F.SCHEDULE_SHIP_DATE),'mm') END Achieve_DATE,     TO_CHAR(GREATEST(F.REQUEST_DATE,F.SCHEDULE_SHIP_DATE),'YYYY/MM') Achieve_PERIOD_NAME,     F.om_customer_ID Achieve_Customer_ID,     F.om_customer_no Achieve_Customer_No,     F.target_area,      F.om_salesrep_number Achieve_Salesrep_Number,     F.om_sales_group Achieve_Sales_Group,     F.paper_stat_group_sales,     NVL(R.PAPER_SALES_ORNT,'N/A') PAPER_SALES_ORNT,     (case O.sales_quantity when 'P' then 1 when 'M' then 1 else 0 end) * F.ordered_qty_mt Achieve_Qty_Mt,     (case O.sales_quantity when 'P' then 1 when 'M' then 1 else 0 end) * F.ordered_qty_lb Achieve_Qty_Lb,     (case O.sales_volume when 'P' then 1 when 'M' then 1 else 0 end) * F.ordered_amount_loc Achieve_Amount_Loc,     case when O.sales_quantity in ('P','M') then '計量' else '不計量' end calc_qty,     case when O.sales_volume in ('P','M') then '計值' else '不計值' end calc_amount,     F.org_id,     F.organization_id,     F.org_code,     ORG.OU_CODE Target_ORG_CODE,     F.om_customer_id,     F.om_customer_no,     F.om_customer_name,     F.om_salesrep_id,     F.om_salesrep_number,     F.om_sales_group,     F.order_number,     F.cust_po_number,     F.om_curr_code,     F.curr_code_loc,     F.header_id,     F.line_id,     F.line_no,     F.order_header_status,     F.order_line_status,     F.order_type,     F.line_order_type,     F.order_type_short,     F.line_order_type_short,     F.sales_document_name,     F.subinventory_code,     F.order_kind,     F.line_category_code,     F.order_category_detail,     F.booked_date,     F.ordered_date,     F.promise_date,     F.pricing_date,     F.request_date,     F.order_uom,     F.om_ex_rate_loc,     F.tax_code,     F.unit_price,     F.ordered_qty,     F.ordered_qty_mt,     F.ordered_qty_lb,     F.ordered_qty_re,     F.reservation_qty_mt,     F.ordered_amount_loc,     F.inventory_item_id,     F.item_no,     F.main_category,     F.sub_category,     F.return_context,     F.payment_term_id,     F.payment_term,     F.payment_term_desc,     F.packing_instructions,     F.category_cost,     F.to_customer_id,     F.to_customer_no,     F.to_customer_name,     F.country,     F.city,     F.continent,     F.area,     F.schedule_ship_date,     F.shipment_date,     F.shipped_qty,     F.shipped_qty_mt,     F.shipped_qty_lb,     F.shipped_qty_re,     F.shipped_amount_loc,     F.trx_date,     F.trx_period_name,     F.trx_type,     F.trx_number,     F.ar_customer_id,     F.ar_customer_no,     F.ar_customer_name,     F.ar_salesrep_number,     F.ar_sales_group,     F.ar_ex_rate_loc,     F.ar_curr_code,     F.ar_qty,     F.ar_qty_mt,     F.ar_qty_lb,     F.ar_qty_re,     F.ar_amount,     F.ar_amount_loc,     F.split_from_line_id,     F.ref_line_id,     F.paper_type_cat,     F.paper_type,     F.paper_stat_element,     case CG.paper_stat_category_sales when 'Specialty' then '特紙' when 'Commodity' then '大紙' else '空白' end paper_stat_category_sales_desc,     F.base_wt,     F.paper_class,     F.spec,     F.ream_wt,     F.spec_class,     F.market_rules,     F.item_l_norm,     F.item_r_norm,     F.demand_class_code,     F.demand_class_name,     F.price_list,     F.sales_agreement,     F.fob,     F.terms,     F.delivery_name,     F.waybill,     F.trip_care,     F.trip_name,     F.qt_no,     F.segment1,     F.segment2,     F.segment3,     F.segment4,     F.counting_by from W_CHP_SALES_NOMANUAL_F F     ,W_CHP_ORDER_TYPE_D O     ,W_CHP_PAPER_SALES_ORNT_R R     ,W_CHP_PAPER_STAT_GROUP_R G     ,W_YFY_ORG_D ORG     ,(SELECT DISTINCT PAPER_STAT_GROUP_SALES,PAPER_STAT_CATEGORY_SALES FROM W_CHP_PAPER_STAT_GROUP_R) CG where 1=1    and f.order_type = O.order_type and f.line_order_type = O.order_line_type   and O.USED = '損益'   and F.ORDER_LINE_STATUS = 'AWAITING_SHIPPING'   and GREATEST(F.REQUEST_DATE,F.SCHEDULE_SHIP_DATE) >= trunc(ADD_MONTHS(sysdate,-2),'mm')   AND F.PAPER_STAT_GROUP_SALES = R.PAPER_STAT_GROUP_SALES(+)   AND F.paper_stat_element = G.paper_stat_element(+)   AND F.om_customer_no <> 'S0001'   AND (F.om_customer_no NOT LIKE 'Z%' OR F.om_customer_no='Z5170')   AND F.ORG_CODE = ORG.ORG_CODE   AND F.PAPER_STAT_GROUP_SALES = CG.PAPER_STAT_GROUP_SALES(+) /*上月等候出貨資料*/ UNION ALL select      '上月受訂' TYPE,     trunc(ADD_MONTHS(GREATEST(F.REQUEST_DATE,F.SCHEDULE_SHIP_DATE),1),'mm') Achieve_DATE,     --F.ordered_date Achieve_DATE,     TO_CHAR(ADD_MONTHS(GREATEST(F.REQUEST_DATE,F.SCHEDULE_SHIP_DATE),1),'YYYY/MM') Achieve_PERIOD_NAME,     F.om_customer_ID Achieve_Customer_ID,     F.om_customer_no Achieve_Customer_No,     F.target_area,      F.om_salesrep_number Achieve_Salesrep_Number,     F.om_sales_group Achieve_Sales_Group,     F.paper_stat_group_sales,     NVL(R.PAPER_SALES_ORNT,'N/A') PAPER_SALES_ORNT,     (case O.sales_quantity when 'P' then 1 when 'M' then 1 else 0 end) * F.ordered_qty_mt Achieve_Qty_Mt,     (case O.sales_quantity when 'P' then 1 when 'M' then 1 else 0 end) * F.ordered_qty_lb Achieve_Qty_Lb,     (case O.sales_volume when 'P' then 1 when 'M' then 1 else 0 end) * F.ordered_amount_loc Achieve_Amount_Loc,     case when O.sales_quantity in ('P','M') then '計量' else '不計量' end calc_qty,     case when O.sales_volume in ('P','M') then '計值' else '不計值' end calc_amount,     F.org_id,     F.organization_id,     F.org_code,     ORG.OU_CODE Target_ORG_CODE,     F.om_customer_id,     F.om_customer_no,     F.om_customer_name,     F.om_salesrep_id,     F.om_salesrep_number,     F.om_sales_group,     F.order_number,     F.cust_po_number,     F.om_curr_code,     F.curr_code_loc,     F.header_id,     F.line_id,     F.line_no,     F.order_header_status,     F.order_line_status,     F.order_type,     F.line_order_type,     F.order_type_short,     F.line_order_type_short,     F.sales_document_name,     F.subinventory_code,     F.order_kind,     F.line_category_code,     F.order_category_detail,     F.booked_date,     F.ordered_date,     F.promise_date,     F.pricing_date,     F.request_date,     F.order_uom,     F.om_ex_rate_loc,     F.tax_code,     F.unit_price,     F.ordered_qty,     F.ordered_qty_mt,     F.ordered_qty_lb,     F.ordered_qty_re,     F.reservation_qty_mt,     F.ordered_amount_loc,     F.inventory_item_id,     F.item_no,     F.main_category,     F.sub_category,     F.return_context,     F.payment_term_id,     F.payment_term,     F.payment_term_desc,     F.packing_instructions,     F.category_cost,     F.to_customer_id,     F.to_customer_no,     F.to_customer_name,     F.country,     F.city,     F.continent,     F.area,     F.schedule_ship_date,     F.shipment_date,     F.shipped_qty,     F.shipped_qty_mt,     F.shipped_qty_lb,     F.shipped_qty_re,     F.shipped_amount_loc,     F.trx_date,     F.trx_period_name,     F.trx_type,     F.trx_number,     F.ar_customer_id,     F.ar_customer_no,     F.ar_customer_name,     F.ar_salesrep_number,     F.ar_sales_group,     F.ar_ex_rate_loc,     F.ar_curr_code,     F.ar_qty,     F.ar_qty_mt,     F.ar_qty_lb,     F.ar_qty_re,     F.ar_amount,     F.ar_amount_loc,     F.split_from_line_id,     F.ref_line_id,     F.paper_type_cat,     F.paper_type,     F.paper_stat_element,     case CG.paper_stat_category_sales when 'Specialty' then '特紙' when 'Commodity' then '大紙' else '空白' end paper_stat_category_sales_desc,     F.base_wt,     F.paper_class,     F.spec,     F.ream_wt,     F.spec_class,     F.market_rules,     F.item_l_norm,     F.item_r_norm,     F.demand_class_code,     F.demand_class_name,     F.price_list,     F.sales_agreement,     F.fob,     F.terms,     F.delivery_name,     F.waybill,     F.trip_care,     F.trip_name,     F.qt_no,     F.segment1,     F.segment2,     F.segment3,     F.segment4,     F.counting_by from W_CHP_SALES_NOMANUAL_F F     ,W_CHP_ORDER_TYPE_D O     ,W_CHP_PAPER_SALES_ORNT_R R     ,W_CHP_PAPER_STAT_GROUP_R G     ,W_YFY_ORG_D ORG     ,(SELECT DISTINCT PAPER_STAT_GROUP_SALES,PAPER_STAT_CATEGORY_SALES FROM W_CHP_PAPER_STAT_GROUP_R) CG where 1=1    and f.order_type = O.order_type and f.line_order_type = O.order_line_type   and O.USED = '損益'   and ORDER_LINE_STATUS = 'AWAITING_SHIPPING'   and GREATEST(F.REQUEST_DATE,F.SCHEDULE_SHIP_DATE) >= trunc(ADD_MONTHS(sysdate,-2),'mm')   AND F.PAPER_STAT_GROUP_SALES = R.PAPER_STAT_GROUP_SALES(+)   AND F.paper_stat_element = G.paper_stat_element(+)   AND F.om_customer_no <> 'S0001'   AND (F.om_customer_no NOT LIKE 'Z%' OR F.om_customer_no='Z5170')   AND F.ORG_CODE = ORG.ORG_CODE   AND F.PAPER_STAT_GROUP_SALES = CG.PAPER_STAT_GROUP_SALES(+) /*實績*/ UNION ALL SELECT     '實績' TYPE,     F.trx_date Achieve_DATE,     F.TRX_PERIOD_NAME Achieve_PERIOD_NAME,     F.AR_customer_ID Achieve_Customer_ID,     F.ar_customer_no Achieve_Customer_No,     F.target_area,         F.ar_salesrep_number Achieve_Salesrep_Number,     F.ar_sales_group Achieve_Sales_Group,     F.paper_stat_group_sales,     NVL(R.PAPER_SALES_ORNT,'N/A') PAPER_SALES_ORNT,     (case O.sales_quantity when 'P' then 1 when 'M' then 1 else 0 end) * F.ar_qty_mt Achieve_Qty_Mt,     (case O.sales_quantity when 'P' then 1 when 'M' then 1 else 0 end) * F.ar_qty_lb Achieve_Qty_Lb,     (case O.sales_volume when 'P' then 1 when 'M' then 1 else 0 end) * F.ar_amount_loc Achieve_Amount_Loc,     case when O.sales_quantity in ('P','M') then '計量' else '不計量' end calc_qty,     case when O.sales_volume in ('P','M') then '計值' else '不計值' end calc_amount,     F.org_id,     F.organization_id,     F.org_code,     ORG.OU_CODE Target_ORG_CODE,     F.om_customer_id,     F.om_customer_no,     F.om_customer_name,     F.om_salesrep_id,     F.om_salesrep_number,     F.om_sales_group,     F.order_number,     F.cust_po_number,     F.om_curr_code,     F.curr_code_loc,     F.header_id,     F.line_id,     F.line_no,     F.order_header_status,     F.order_line_status,     F.order_type,     F.line_order_type,     F.order_type_short,     F.line_order_type_short,     F.sales_document_name,     F.subinventory_code,     F.order_kind,     F.line_category_code,     F.order_category_detail,     F.booked_date,     F.ordered_date,     F.promise_date,     F.pricing_date,     F.request_date,     F.order_uom,     F.om_ex_rate_loc,     F.tax_code,     F.unit_price,     F.ordered_qty,     F.ordered_qty_mt,     F.ordered_qty_lb,     F.ordered_qty_re,     F.reservation_qty_mt,     F.ordered_amount_loc,     F.inventory_item_id,     F.item_no,     F.main_category,     F.sub_category,     F.return_context,     F.payment_term_id,     F.payment_term,     F.payment_term_desc,     F.packing_instructions,     F.category_cost,     F.to_customer_id,     F.to_customer_no,     F.to_customer_name,     F.country,     F.city,     F.continent,     F.area,     F.schedule_ship_date,     F.shipment_date,     F.shipped_qty,     F.shipped_qty_mt,     F.shipped_qty_lb,     F.shipped_qty_re,     F.shipped_amount_loc,     F.trx_date,     F.trx_period_name,     F.trx_type,     F.trx_number,     F.ar_customer_id,     F.ar_customer_no,     F.ar_customer_name,     F.ar_salesrep_number,     F.ar_sales_group,     F.ar_ex_rate_loc,     F.ar_curr_code,     F.ar_qty,     F.ar_qty_mt,     F.ar_qty_lb,     F.ar_qty_re,     F.ar_amount,     F.ar_amount_loc,     F.split_from_line_id,     F.ref_line_id,     F.paper_type_cat,     F.paper_type,     F.paper_stat_element,     case CG.paper_stat_category_sales when 'Specialty' then '特紙' when 'Commodity' then '大紙' else '空白' end paper_stat_category_sales_desc,     F.base_wt,     F.paper_class,     F.spec,     F.ream_wt,     F.spec_class,     F.market_rules,     F.item_l_norm,     F.item_r_norm,     F.demand_class_code,     F.demand_class_name,     F.price_list,     F.sales_agreement,     F.fob,     F.terms,     F.delivery_name,     F.waybill,     F.trip_care,     F.trip_name,     F.qt_no,     F.segment1,     F.segment2,     F.segment3,     F.segment4,     F.counting_by FROM W_CHP_SALES_NOMANUAL_F F     ,W_CHP_ORDER_TYPE_D O     ,W_CHP_PAPER_SALES_ORNT_R R     ,W_CHP_PAPER_STAT_GROUP_R G     ,W_YFY_ORG_D ORG     ,(SELECT DISTINCT PAPER_STAT_GROUP_SALES,PAPER_STAT_CATEGORY_SALES FROM W_CHP_PAPER_STAT_GROUP_R) CG WHERE 1=1   and f.order_type = O.order_type and f.line_order_type = O.order_line_type   and O.USED = '損益'   and TRX_DATE IS NOT NULL   AND F.PAPER_STAT_GROUP_SALES = R.PAPER_STAT_GROUP_SALES(+)   AND F.paper_stat_element = G.paper_stat_element(+)   AND F.ar_customer_no <> 'S0001'   AND (F.ar_customer_no NOT LIKE 'Z%' OR F.ar_customer_no='Z5170')   AND F.ORG_CODE = ORG.ORG_CODE   AND F.PAPER_STAT_GROUP_SALES = CG.PAPER_STAT_GROUP_SALES(+)","SELECT      '當月受訂' TYPE,     --GREATEST(F.REQUEST_DATE,F.SCHEDULE_SHIP_DATE) Achieve_DATE,     CASE WHEN TO_CHAR(GREATEST(F.REQUEST_DATE,F.SCHEDULE_SHIP_DATE),'YYYY/MM') = TO_CHAR(F.ordered_date,'YYYY/MM')       THEN F.ordered_date        ELSE trunc(GREATEST(F.REQUEST_DATE,F.SCHEDULE_SHIP_DATE),'mm') END Achieve_DATE,     TO_CHAR(GREATEST(F.REQUEST_DATE,F.SCHEDULE_SHIP_DATE),'YYYY/MM') Achieve_PERIOD_NAME,     F.om_customer_ID Achieve_Customer_ID,     F.om_customer_no Achieve_Customer_No,     F.target_area,      F.om_salesrep_number Achieve_Salesrep_Number,     F.om_sales_group Achieve_Sales_Group,     F.paper_stat_group_sales,     NVL(R.PAPER_SALES_ORNT,'N/A') PAPER_SALES_ORNT,     (case O.sales_quantity when 'P' then 1 when 'M' then 1 else 0 end) * F.ordered_qty_mt Achieve_Qty_Mt,     (case O.sales_quantity when 'P' then 1 when 'M' then 1 else 0 end) * F.ordered_qty_lb Achieve_Qty_Lb,     (case O.sales_volume when 'P' then 1 when 'M' then 1 else 0 end) * F.ordered_amount_loc Achieve_Amount_Loc,     case when O.sales_quantity in ('P','M') then '計量' else '不計量' end calc_qty,     case when O.sales_volume in ('P','M') then '計值' else '不計值' end calc_amount,     F.org_id,     F.organization_id,     F.org_code,     ORG.OU_CODE Target_ORG_CODE,     F.om_customer_id,     F.om_customer_no,     F.om_customer_name,     F.om_salesrep_id,     F.om_salesrep_number,     F.om_sales_group,     F.order_number,     F.cust_po_number,     F.om_curr_code,     F.curr_code_loc,     F.header_id,     F.line_id,     F.line_no,     F.order_header_status,     F.order_line_status,     F.order_type,     F.line_order_type,     F.order_type_short,     F.line_order_type_short,     F.sales_document_name,     F.subinventory_code,     F.order_kind,     F.line_category_code,     F.order_category_detail,     F.booked_date,     F.ordered_date,     F.promise_date,     F.pricing_date,     F.request_date,     F.order_uom,     F.om_ex_rate_loc,     F.tax_code,     F.unit_price,     F.ordered_qty,     F.ordered_qty_mt,     F.ordered_qty_lb,     F.ordered_qty_re,     F.reservation_qty_mt,     F.ordered_amount_loc,     F.inventory_item_id,     F.item_no,     F.main_category,     F.sub_category,     F.return_context,     F.payment_term_id,     F.payment_term,     F.payment_term_desc,     F.packing_instructions,     F.category_cost,     F.to_customer_id,     F.to_customer_no,     F.to_customer_name,     F.country,     F.city,     F.continent,     F.area,     F.schedule_ship_date,     F.shipment_date,     F.shipped_qty,     F.shipped_qty_mt,     F.shipped_qty_lb,     F.shipped_qty_re,     F.shipped_amount_loc,     F.trx_date,     F.trx_period_name,     F.trx_type,     F.trx_number,     F.ar_customer_id,     F.ar_customer_no,     F.ar_customer_name,     F.ar_salesrep_number,     F.ar_sales_group,     F.ar_ex_rate_loc,     F.ar_curr_code,     F.ar_qty,     F.ar_qty_mt,     F.ar_qty_lb,     F.ar_qty_re,     F.ar_amount,     F.ar_amount_loc,     F.split_from_line_id,     F.ref_line_id,     F.paper_type_cat,     F.paper_type,     F.paper_stat_element,     case CG.paper_stat_category_sales when 'Specialty' then '特紙' when 'Commodity' then '大紙' else '空白' end paper_stat_category_sales_desc,     F.base_wt,     F.paper_class,     F.spec,     F.ream_wt,     F.spec_class,     F.market_rules,     F.item_l_norm,     F.item_r_norm,     F.demand_class_code,     F.demand_class_name,     F.price_list,     F.sales_agreement,     F.fob,     F.terms,     F.delivery_name,     F.waybill,     F.trip_care,     F.trip_name,     F.qt_no,     F.segment1,     F.segment2,     F.segment3,     F.segment4,     F.counting_by from W_CHP_SALES_NOMANUAL_F F     ,W_CHP_ORDER_TYPE_D O     ,W_CHP_PAPER_SALES_ORNT_R R     ,W_CHP_PAPER_STAT_GROUP_R G     ,W_YFY_ORG_D ORG     ,(SELECT DISTINCT PAPER_STAT_GROUP_SALES,PAPER_STAT_CATEGORY_SALES FROM W_CHP_PAPER_STAT_GROUP_R) CG where and f.order_type = O.order_type and f.line_order_type = O.order_line_type   and O.USED = '損益'   and F.ORDER_LINE_STATUS = 'AWAITING_SHIPPING'   and GREATEST(F.REQUEST_DATE,F.SCHEDULE_SHIP_DATE) >= trunc(ADD_MONTHS(sysdate,-2),'mm')   AND F.PAPER_STAT_GROUP_SALES = R.PAPER_STAT_GROUP_SALES(+)   AND F.paper_stat_element = G.paper_stat_element(+)   AND F.om_customer_no <> 'S0001'   AND (F.om_customer_no NOT LIKE 'Z%' OR F.om_customer_no='Z5170')   AND F.ORG_CODE = ORG.ORG_CODE   AND F.PAPER_STAT_GROUP_SALES = CG.PAPER_STAT_GROUP_SALES(+) /*上月等候出貨資料*/ UNION ALL select      '上月受訂' TYPE,     trunc(ADD_MONTHS(GREATEST(F.REQUEST_DATE,F.SCHEDULE_SHIP_DATE),1),'mm') Achieve_DATE,     --F.ordered_date Achieve_DATE,     TO_CHAR(ADD_MONTHS(GREATEST(F.REQUEST_DATE,F.SCHEDULE_SHIP_DATE),1),'YYYY/MM') Achieve_PERIOD_NAME,     F.om_customer_ID Achieve_Customer_ID,     F.om_customer_no Achieve_Customer_No,     F.target_area,      F.om_salesrep_number Achieve_Salesrep_Number,     F.om_sales_group Achieve_Sales_Group,     F.paper_stat_group_sales,     NVL(R.PAPER_SALES_ORNT,'N/A') PAPER_SALES_ORNT,     (case O.sales_quantity when 'P' then 1 when 'M' then 1 else 0 end) * F.ordered_qty_mt Achieve_Qty_Mt,     (case O.sales_quantity when 'P' then 1 when 'M' then 1 else 0 end) * F.ordered_qty_lb Achieve_Qty_Lb,     (case O.sales_volume when 'P' then 1 when 'M' then 1 else 0 end) * F.ordered_amount_loc Achieve_Amount_Loc,     case when O.sales_quantity in ('P','M') then '計量' else '不計量' end calc_qty,     case when O.sales_volume in ('P','M') then '計值' else '不計值' end calc_amount,     F.org_id,     F.organization_id,     F.org_code,     ORG.OU_CODE Target_ORG_CODE,     F.om_customer_id,     F.om_customer_no,     F.om_customer_name,     F.om_salesrep_id,     F.om_salesrep_number,     F.om_sales_group,     F.order_number,     F.cust_po_number,     F.om_curr_code,     F.curr_code_loc,     F.header_id,     F.line_id,     F.line_no,     F.order_header_status,     F.order_line_status,     F.order_type,     F.line_order_type,     F.order_type_short,     F.line_order_type_short,     F.sales_document_name,     F.subinventory_code,     F.order_kind,     F.line_category_code,     F.order_category_detail,     F.booked_date,     F.ordered_date,     F.promise_date,     F.pricing_date,     F.request_date,     F.order_uom,     F.om_ex_rate_loc,     F.tax_code,     F.unit_price,     F.ordered_qty,     F.ordered_qty_mt,     F.ordered_qty_lb,     F.ordered_qty_re,     F.reservation_qty_mt,     F.ordered_amount_loc,     F.inventory_item_id,     F.item_no,     F.main_category,     F.sub_category,     F.return_context,     F.payment_term_id,     F.payment_term,     F.payment_term_desc,     F.packing_instructions,     F.category_cost,     F.to_customer_id,     F.to_customer_no,     F.to_customer_name,     F.country,     F.city,     F.continent,     F.area,     F.schedule_ship_date,     F.shipment_date,     F.shipped_qty,     F.shipped_qty_mt,     F.shipped_qty_lb,     F.shipped_qty_re,     F.shipped_amount_loc,     F.trx_date,     F.trx_period_name,     F.trx_type,     F.trx_number,     F.ar_customer_id,     F.ar_customer_no,     F.ar_customer_name,     F.ar_salesrep_number,     F.ar_sales_group,     F.ar_ex_rate_loc,     F.ar_curr_code,     F.ar_qty,     F.ar_qty_mt,     F.ar_qty_lb,     F.ar_qty_re,     F.ar_amount,     F.ar_amount_loc,     F.split_from_line_id,     F.ref_line_id,     F.paper_type_cat,     F.paper_type,     F.paper_stat_element,     case CG.paper_stat_category_sales when 'Specialty' then '特紙' when 'Commodity' then '大紙' else '空白' end paper_stat_category_sales_desc,     F.base_wt,     F.paper_class,     F.spec,     F.ream_wt,     F.spec_class,     F.market_rules,     F.item_l_norm,     F.item_r_norm,     F.demand_class_code,     F.demand_class_name,     F.price_list,     F.sales_agreement,     F.fob,     F.terms,     F.delivery_name,     F.waybill,     F.trip_care,     F.trip_name,     F.qt_no,     F.segment1,     F.segment2,     F.segment3,     F.segment4,     F.counting_by from W_CHP_SALES_NOMANUAL_F F     ,W_CHP_ORDER_TYPE_D O     ,W_CHP_PAPER_SALES_ORNT_R R     ,W_CHP_PAPER_STAT_GROUP_R G     ,W_YFY_ORG_D ORG     ,(SELECT DISTINCT PAPER_STAT_GROUP_SALES,PAPER_STAT_CATEGORY_SALES FROM W_CHP_PAPER_STAT_GROUP_R) CG where and f.order_type = O.order_type and f.line_order_type = O.order_line_type   and O.USED = '損益'   and ORDER_LINE_STATUS = 'AWAITING_SHIPPING'   and GREATEST(F.REQUEST_DATE,F.SCHEDULE_SHIP_DATE) >= trunc(ADD_MONTHS(sysdate,-2),'mm')   AND F.PAPER_STAT_GROUP_SALES = R.PAPER_STAT_GROUP_SALES(+)   AND F.paper_stat_element = G.paper_stat_element(+)   AND F.om_customer_no <> 'S0001'   AND (F.om_customer_no NOT LIKE 'Z%' OR F.om_customer_no='Z5170')   AND F.ORG_CODE = ORG.ORG_CODE   AND F.PAPER_STAT_GROUP_SALES = CG.PAPER_STAT_GROUP_SALES(+) /*實績*/ UNION ALL SELECT     '實績' TYPE,     F.trx_date Achieve_DATE,     F.TRX_PERIOD_NAME Achieve_PERIOD_NAME,     F.AR_customer_ID Achieve_Customer_ID,     F.ar_customer_no Achieve_Customer_No,     F.target_area,         F.ar_salesrep_number Achieve_Salesrep_Number,     F.ar_sales_group Achieve_Sales_Group,     F.paper_stat_group_sales,     NVL(R.PAPER_SALES_ORNT,'N/A') PAPER_SALES_ORNT,     (case O.sales_quantity when 'P' then 1 when 'M' then 1 else 0 end) * F.ar_qty_mt Achieve_Qty_Mt,     (case O.sales_quantity when 'P' then 1 when 'M' then 1 else 0 end) * F.ar_qty_lb Achieve_Qty_Lb,     (case O.sales_volume when 'P' then 1 when 'M' then 1 else 0 end) * F.ar_amount_loc Achieve_Amount_Loc,     case when O.sales_quantity in ('P','M') then '計量' else '不計量' end calc_qty,     case when O.sales_volume in ('P','M') then '計值' else '不計值' end calc_amount,     F.org_id,     F.organization_id,     F.org_code,     ORG.OU_CODE Target_ORG_CODE,     F.om_customer_id,     F.om_customer_no,     F.om_customer_name,     F.om_salesrep_id,     F.om_salesrep_number,     F.om_sales_group,     F.order_number,     F.cust_po_number,     F.om_curr_code,     F.curr_code_loc,     F.header_id,     F.line_id,     F.line_no,     F.order_header_status,     F.order_line_status,     F.order_type,     F.line_order_type,     F.order_type_short,     F.line_order_type_short,     F.sales_document_name,     F.subinventory_code,     F.order_kind,     F.line_category_code,     F.order_category_detail,     F.booked_date,     F.ordered_date,     F.promise_date,     F.pricing_date,     F.request_date,     F.order_uom,     F.om_ex_rate_loc,     F.tax_code,     F.unit_price,     F.ordered_qty,     F.ordered_qty_mt,     F.ordered_qty_lb,     F.ordered_qty_re,     F.reservation_qty_mt,     F.ordered_amount_loc,     F.inventory_item_id,     F.item_no,     F.main_category,     F.sub_category,     F.return_context,     F.payment_term_id,     F.payment_term,     F.payment_term_desc,     F.packing_instructions,     F.category_cost,     F.to_customer_id,     F.to_customer_no,     F.to_customer_name,     F.country,     F.city,     F.continent,     F.area,     F.schedule_ship_date,     F.shipment_date,     F.shipped_qty,     F.shipped_qty_mt,     F.shipped_qty_lb,     F.shipped_qty_re,     F.shipped_amount_loc,     F.trx_date,     F.trx_period_name,     F.trx_type,     F.trx_number,     F.ar_customer_id,     F.ar_customer_no,     F.ar_customer_name,     F.ar_salesrep_number,     F.ar_sales_group,     F.ar_ex_rate_loc,     F.ar_curr_code,     F.ar_qty,     F.ar_qty_mt,     F.ar_qty_lb,     F.ar_qty_re,     F.ar_amount,     F.ar_amount_loc,     F.split_from_line_id,     F.ref_line_id,     F.paper_type_cat,     F.paper_type,     F.paper_stat_element,     case CG.paper_stat_category_sales when 'Specialty' then '特紙' when 'Commodity' then '大紙' else '空白' end paper_stat_category_sales_desc,     F.base_wt,     F.paper_class,     F.spec,     F.ream_wt,     F.spec_class,     F.market_rules,     F.item_l_norm,     F.item_r_norm,     F.demand_class_code,     F.demand_class_name,     F.price_list,     F.sales_agreement,     F.fob,     F.terms,     F.delivery_name,     F.waybill,     F.trip_care,     F.trip_name,     F.qt_no,     F.segment1,     F.segment2,     F.segment3,     F.segment4,     F.counting_by FROM W_CHP_SALES_NOMANUAL_F F     ,W_CHP_ORDER_TYPE_D O     ,W_CHP_PAPER_SALES_ORNT_R R     ,W_CHP_PAPER_STAT_GROUP_R G     ,W_YFY_ORG_D ORG     ,(SELECT DISTINCT PAPER_STAT_GROUP_SALES,PAPER_STAT_CATEGORY_SALES FROM W_CHP_PAPER_STAT_GROUP_R) CG WHERE and f.order_type = O.order_type and f.line_order_type = O.order_line_type   and O.USED = '損益'   and TRX_DATE IS NOT NULL   AND F.PAPER_STAT_GROUP_SALES = R.PAPER_STAT_GROUP_SALES(+)   AND F.paper_stat_element = G.paper_stat_element(+)   AND F.ar_customer_no <> 'S0001'   AND (F.ar_customer_no NOT LIKE 'Z%' OR F.ar_customer_no='Z5170')   AND F.ORG_CODE = ORG.ORG_CODE   AND F.PAPER_STAT_GROUP_SALES = CG.PAPER_STAT_GROUP_SALES(+)","```json
{
    ""Union1"": {
        ""Datasource"": [""W_CHP_SALES_NOMANUAL_F"", ""W_CHP_ORDER_TYPE_D"", ""W_CHP_PAPER_SALES_ORNT_R"", ""W_CHP_PAPER_STAT_GROUP_R"", ""W_YFY_ORG_D"", ""W_CHP_PAPER_STAT_GROUP_R(CG)""],
        ""Filter"": [
            ""W_CHP_ORDER_TYPE_D.USED = '損益'"",
            ""W_CHP_SALES_NOMANUAL_F.ORDER_LINE_STATUS = 'AWAITING_SHIPPING'"",
            ""GREATEST(W_CHP_SALES_NOMANUAL_F.REQUEST_DATE, W_CHP_SALES_NOMANUAL_F.SCHEDULE_SHIP_DATE) >= TRUNC(ADD_MONTHS(SYSDATE, -2), 'mm')"",
            ""W_CHP_SALES_NOMANUAL_F.om_customer_no <> 'S0001'"",
            ""(W_CHP_SALES_NOMANUAL_F.om_customer_no NOT LIKE 'Z%' OR W_CHP_SALES_NOMANUAL_F.om_customer_no = 'Z5170')""
        ],
        ""Join"": [
            ""W_CHP_SALES_NOMANUAL_F.order_type = W_CHP_ORDER_TYPE_D.order_type"",
            ""W_CHP_SALES_NOMANUAL_F.line_order_type = W_CHP_ORDER_TYPE_D.order_line_type"",
            ""W_CHP_SALES_NOMANUAL_F.PAPER_STAT_GROUP_SALES = W_CHP_PAPER_SALES_ORNT_R.PAPER_STAT_GROUP_SALES(+)"",
            ""W_CHP_SALES_NOMANUAL_F.paper_stat_element = W_CHP_PAPER_STAT_GROUP_R.paper_stat_element(+)"",
            ""W_CHP_SALES_NOMANUAL_F.ORG_CODE = W_YFY_ORG_D.ORG_CODE"",
            ""W_CHP_SALES_NOMANUAL_F.PAPER_STAT_GROUP_SALES = W_CHP_PAPER_STAT_GROUP_R(CG).PAPER_STAT_GROUP_SALES(+)""
        ],
        ""Groupby"": {}
    },

    ""Union2"": {
        ""Datasource"": [""W_CHP_SALES_NOMANUAL_F"", ""W_CHP_ORDER_TYPE_D"", ""W_CHP_PAPER_SALES_ORNT_R"", ""W_CHP_PAPER_STAT_GROUP_R"", ""W_YFY_ORG_D"", ""W_CHP_PAPER_STAT_GROUP_R(CG)""],
        ""Filter"": [
            ""W_CHP_ORDER_TYPE_D.USED = '損益'"",
            ""W_CHP_SALES_NOMANUAL_F.ORDER_LINE_STATUS = 'AWAITING_SHIPPING'"",
            ""GREATEST(W_CHP_SALES_NOMANUAL_F.REQUEST_DATE, W_CHP_SALES_NOMANUAL_F.SCHEDULE_SHIP_DATE) >= TRUNC(ADD_MONTHS(SYSDATE, -2), 'mm')"",
            ""W_CHP_SALES_NOMANUAL_F.om_customer_no <> 'S0001'"",
            ""(W_CHP_SALES_NOMANUAL_F.om_customer_no NOT LIKE 'Z%' OR W_CHP_SALES_NOMANUAL_F.om_customer_no = 'Z5170')""
        ],
        ""Join"": [
            ""W_CHP_SALES_NOMANUAL_F.order_type = W_CHP_ORDER_TYPE_D.order_type"",
            ""W_CHP_SALES_NOMANUAL_F.line_order_type = W_CHP_ORDER_TYPE_D.order_line_type"",
            ""W_CHP_SALES_NOMANUAL_F.PAPER_STAT_GROUP_SALES = W_CHP_PAPER_SALES_ORNT_R.PAPER_STAT_GROUP_SALES(+)"",
            ""W_CHP_SALES_NOMANUAL_F.paper_stat_element = W_CHP_PAPER_STAT_GROUP_R.paper_stat_element(+)"",
            ""W_CHP_SALES_NOMANUAL_F.ORG_CODE = W_YFY_ORG_D.ORG_CODE"",
            ""W_CHP_SALES_NOMANUAL_F.PAPER_STAT_GROUP_SALES = W_CHP_PAPER_STAT_GROUP_R(CG).PAPER_STAT_GROUP_SALES(+)""
        ],
        ""Groupby"": {}
    },

    ""Union3"": {
        ""Datasource"": [""W_CHP_SALES_NOMANUAL_F"", ""W_CHP_ORDER_TYPE_D"", ""W_CHP_PAPER_SALES_ORNT_R"", ""W_CHP_PAPER_STAT_GROUP_R"", ""W_YFY_ORG_D"", ""W_CHP_PAPER_STAT_GROUP_R(CG)""],
        ""Filter"": [
            ""W_CHP_ORDER_TYPE_D.USED = '損益'"",
            ""W_CHP_SALES_NOMANUAL_F.TRX_DATE IS NOT NULL"",
            ""W_CHP_SALES_NOMANUAL_F.om_customer_no <> 'S0001'"",
            ""(W_CHP_SALES_NOMANUAL_F.om_customer_no NOT LIKE 'Z%' OR W_CHP_SALES_NOMANUAL_F.om_customer_no = 'Z5170')""
        ],
        ""Join"": [
            ""W_CHP_SALES_NOMANUAL_F.order_type = W_CHP_ORDER_TYPE_D.order_type"",
            ""W_CHP_SALES_NOMANUAL_F.line_order_type = W_CHP_ORDER_TYPE_D.order_line_type"",
            ""W_CHP_SALES_NOMANUAL_F.PAPER_STAT_GROUP_SALES = W_CHP_PAPER_SALES_ORNT_R.PAPER_STAT_GROUP_SALES(+)"",
            ""W_CHP_SALES_NOMANUAL_F.paper_stat_element = W_CHP_PAPER_STAT_GROUP_R.paper_stat_element(+)"",
            ""W_CHP_SALES_NOMANUAL_F.ORG_CODE = W_YFY_ORG_D.ORG_CODE"",
            ""W_CHP_SALES_NOMANUAL_F.PAPER_STAT_GROUP_SALES = W_CHP_PAPER_STAT_GROUP_R(CG).PAPER_STAT_GROUP_SALES(+)""
        ],
        ""Groupby"": {}
    }
}
```","```json
{
    ""Union1"": {
        ""Datasource"": [""W_CHP_SALES_NOMANUAL_F"", ""W_CHP_ORDER_TYPE_D"", ""W_CHP_PAPER_SALES_ORNT_R"", ""W_CHP_PAPER_STAT_GROUP_R"", ""W_YFY_ORG_D"", ""W_CHP_PAPER_STAT_GROUP_R(CG)""],
        ""Filter"": [
            ""W_CHP_ORDER_TYPE_D.USED = '損益'"",
            ""W_CHP_SALES_NOMANUAL_F.ORDER_LINE_STATUS = 'AWAITING_SHIPPING'"",
            ""GREATEST(W_CHP_SALES_NOMANUAL_F.REQUEST_DATE, W_CHP_SALES_NOMANUAL_F.SCHEDULE_SHIP_DATE) >= TRUNC(ADD_MONTHS(SYSDATE, -2), 'mm')"",
            ""W_CHP_SALES_NOMANUAL_F.om_customer_no <> 'S0001'"",
            ""(W_CHP_SALES_NOMANUAL_F.om_customer_no NOT LIKE 'Z%' OR W_CHP_SALES_NOMANUAL_F.om_customer_no = 'Z5170')""
        ],
        ""Join"": [
            ""W_CHP_SALES_NOMANUAL_F.order_type = W_CHP_ORDER_TYPE_D.order_type"",
            ""W_CHP_SALES_NOMANUAL_F.line_order_type = W_CHP_ORDER_TYPE_D.order_line_type"",
            ""W_CHP_SALES_NOMANUAL_F.PAPER_STAT_GROUP_SALES = W_CHP_PAPER_SALES_ORNT_R.PAPER_STAT_GROUP_SALES(+)"",
            ""W_CHP_SALES_NOMANUAL_F.paper_stat_element = W_CHP_PAPER_STAT_GROUP_R.paper_stat_element(+)"",
            ""W_CHP_SALES_NOMANUAL_F.ORG_CODE = W_YFY_ORG_D.ORG_CODE"",
            ""W_CHP_SALES_NOMANUAL_F.PAPER_STAT_GROUP_SALES = W_CHP_PAPER_STAT_GROUP_R(CG).PAPER_STAT_GROUP_SALES(+)""
        ],
        ""Groupby"": {}
    },

    ""Union2"": {
        ""Datasource"": [""W_CHP_SALES_NOMANUAL_F"", ""W_CHP_ORDER_TYPE_D"", ""W_CHP_PAPER_SALES_ORNT_R"", ""W_CHP_PAPER_STAT_GROUP_R"", ""W_YFY_ORG_D"", ""W_CHP_PAPER_STAT_GROUP_R(CG)""],
        ""Filter"": [
            ""W_CHP_ORDER_TYPE_D.USED = '損益'"",
            ""W_CHP_SALES_NOMANUAL_F.ORDER_LINE_STATUS = 'AWAITING_SHIPPING'"",
            ""GREATEST(W_CHP_SALES_NOMANUAL_F.REQUEST_DATE, W_CHP_SALES_NOMANUAL_F.SCHEDULE_SHIP_DATE) >= TRUNC(ADD_MONTHS(SYSDATE, -2), 'mm')"",
            ""W_CHP_SALES_NOMANUAL_F.om_customer_no <> 'S0001'"",
            ""(W_CHP_SALES_NOMANUAL_F.om_customer_no NOT LIKE 'Z%' OR W_CHP_SALES_NOMANUAL_F.om_customer_no = 'Z5170')""
        ],
        ""Join"": [
            ""W_CHP_SALES_NOMANUAL_F.order_type = W_CHP_ORDER_TYPE_D.order_type"",
            ""W_CHP_SALES_NOMANUAL_F.line_order_type = W_CHP_ORDER_TYPE_D.order_line_type"",
            ""W_CHP_SALES_NOMANUAL_F.PAPER_STAT_GROUP_SALES = W_CHP_PAPER_SALES_ORNT_R.PAPER_STAT_GROUP_SALES(+)"",
            ""W_CHP_SALES_NOMANUAL_F.paper_stat_element = W_CHP_PAPER_STAT_GROUP_R.paper_stat_element(+)"",
            ""W_CHP_SALES_NOMANUAL_F.ORG_CODE = W_YFY_ORG_D.ORG_CODE"",
            ""W_CHP_SALES_NOMANUAL_F.PAPER_STAT_GROUP_SALES = W_CHP_PAPER_STAT_GROUP_R(CG).PAPER_STAT_GROUP_SALES(+)""
        ],
        ""Groupby"": {}
    },

    ""Union3"": {
        ""Datasource"": [""W_CHP_SALES_NOMANUAL_F"", ""W_CHP_ORDER_TYPE_D"", ""W_CHP_PAPER_SALES_ORNT_R"", ""W_CHP_PAPER_STAT_GROUP_R"", ""W_YFY_ORG_D"", ""W_CHP_PAPER_STAT_GROUP_R(CG)""],
        ""Filter"": [
            ""W_CHP_ORDER_TYPE_D.USED = '損益'"",
            ""W_CHP_SALES_NOMANUAL_F.TRX_DATE IS NOT NULL"",
            ""W_CHP_SALES_NOMANUAL_F.om_customer_no <> 'S0001'"",
            ""(W_CHP_SALES_NOMANUAL_F.om_customer_no NOT LIKE 'Z%' OR W_CHP_SALES_NOMANUAL_F.om_customer_no = 'Z5170')""
        ],
        ""Join"": [
            ""W_CHP_SALES_NOMANUAL_F.order_type = W_CHP_ORDER_TYPE_D.order_type"",
            ""W_CHP_SALES_NOMANUAL_F.line_order_type = W_CHP_ORDER_TYPE_D.order_line_type"",
            ""W_CHP_SALES_NOMANUAL_F.PAPER_STAT_GROUP_SALES = W_CHP_PAPER_SALES_ORNT_R.PAPER_STAT_GROUP_SALES(+)"",
            ""W_CHP_SALES_NOMANUAL_F.paper_stat_element = W_CHP_PAPER_STAT_GROUP_R.paper_stat_element(+)"",
            ""W_CHP_SALES_NOMANUAL_F.ORG_CODE = W_YFY_ORG_D.ORG_CODE"",
            ""W_CHP_SALES_NOMANUAL_F.PAPER_STAT_GROUP_SALES = W_CHP_PAPER_STAT_GROUP_R(CG).PAPER_STAT_GROUP_SALES(+)""
        ],
        ""Groupby"": {}
    }
}
```","{ ""Union1"": { ""Datasource"": [""W_CHP_SALES_NOMANUAL_F"", ""W_CHP_ORDER_TYPE_D"", ""W_CHP_PAPER_SALES_ORNT_R"", ""W_CHP_PAPER_STAT_GROUP_R"", ""W_YFY_ORG_D"", ""W_CHP_PAPER_STAT_GROUP_R(CG)""], ""Filter"": [ ""W_CHP_ORDER_TYPE_D.USED = '損益'"", ""W_CHP_SALES_NOMANUAL_F.ORDER_LINE_STATUS = 'AWAITING_SHIPPING'"", ""GREATEST(W_CHP_SALES_NOMANUAL_F.REQUEST_DATE, W_CHP_SALES_NOMANUAL_F.SCHEDULE_SHIP_DATE) >= TRUNC(ADD_MONTHS(SYSDATE, -2), 'mm')"", ""W_CHP_SALES_NOMANUAL_F.om_customer_no <> 'S0001'"", ""(W_CHP_SALES_NOMANUAL_F.om_customer_no NOT LIKE 'Z%' OR W_CHP_SALES_NOMANUAL_F.om_customer_no = 'Z5170')"" ], ""Join"": [ ""W_CHP_SALES_NOMANUAL_F.order_type = W_CHP_ORDER_TYPE_D.order_type"", ""W_CHP_SALES_NOMANUAL_F.line_order_type = W_CHP_ORDER_TYPE_D.order_line_type"", ""W_CHP_SALES_NOMANUAL_F.PAPER_STAT_GROUP_SALES = W_CHP_PAPER_SALES_ORNT_R.PAPER_STAT_GROUP_SALES(+)"", ""W_CHP_SALES_NOMANUAL_F.paper_stat_element = W_CHP_PAPER_STAT_GROUP_R.paper_stat_element(+)"", ""W_CHP_SALES_NOMANUAL_F.ORG_CODE = W_YFY_ORG_D.ORG_CODE"", ""W_CHP_SALES_NOMANUAL_F.PAPER_STAT_GROUP_SALES = W_CHP_PAPER_STAT_GROUP_R(CG).PAPER_STAT_GROUP_SALES(+)"" ], ""Groupby"": {} }, ""Union2"": { ""Datasource"": [""W_CHP_SALES_NOMANUAL_F"", ""W_CHP_ORDER_TYPE_D"", ""W_CHP_PAPER_SALES_ORNT_R"", ""W_CHP_PAPER_STAT_GROUP_R"", ""W_YFY_ORG_D"", ""W_CHP_PAPER_STAT_GROUP_R(CG)""], ""Filter"": [ ""W_CHP_ORDER_TYPE_D.USED = '損益'"", ""W_CHP_SALES_NOMANUAL_F.ORDER_LINE_STATUS = 'AWAITING_SHIPPING'"", ""GREATEST(W_CHP_SALES_NOMANUAL_F.REQUEST_DATE, W_CHP_SALES_NOMANUAL_F.SCHEDULE_SHIP_DATE) >= TRUNC(ADD_MONTHS(SYSDATE, -2), 'mm')"", ""W_CHP_SALES_NOMANUAL_F.om_customer_no <> 'S0001'"", ""(W_CHP_SALES_NOMANUAL_F.om_customer_no NOT LIKE 'Z%' OR W_CHP_SALES_NOMANUAL_F.om_customer_no = 'Z5170')"" ], ""Join"": [ ""W_CHP_SALES_NOMANUAL_F.order_type = W_CHP_ORDER_TYPE_D.order_type"", ""W_CHP_SALES_NOMANUAL_F.line_order_type = W_CHP_ORDER_TYPE_D.order_line_type"", ""W_CHP_SALES_NOMANUAL_F.PAPER_STAT_GROUP_SALES = W_CHP_PAPER_SALES_ORNT_R.PAPER_STAT_GROUP_SALES(+)"", ""W_CHP_SALES_NOMANUAL_F.paper_stat_element = W_CHP_PAPER_STAT_GROUP_R.paper_stat_element(+)"", ""W_CHP_SALES_NOMANUAL_F.ORG_CODE = W_YFY_ORG_D.ORG_CODE"", ""W_CHP_SALES_NOMANUAL_F.PAPER_STAT_GROUP_SALES = W_CHP_PAPER_STAT_GROUP_R(CG).PAPER_STAT_GROUP_SALES(+)"" ], ""Groupby"": {} }, ""Union3"": { ""Datasource"": [""W_CHP_SALES_NOMANUAL_F"", ""W_CHP_ORDER_TYPE_D"", ""W_CHP_PAPER_SALES_ORNT_R"", ""W_CHP_PAPER_STAT_GROUP_R"", ""W_YFY_ORG_D"", ""W_CHP_PAPER_STAT_GROUP_R(CG)""], ""Filter"": [ ""W_CHP_ORDER_TYPE_D.USED = '損益'"", ""W_CHP_SALES_NOMANUAL_F.TRX_DATE IS NOT NULL"", ""W_CHP_SALES_NOMANUAL_F.om_customer_no <> 'S0001'"", ""(W_CHP_SALES_NOMANUAL_F.om_customer_no NOT LIKE 'Z%' OR W_CHP_SALES_NOMANUAL_F.om_customer_no = 'Z5170')"" ], ""Join"": [ ""W_CHP_SALES_NOMANUAL_F.order_type = W_CHP_ORDER_TYPE_D.order_type"", ""W_CHP_SALES_NOMANUAL_F.line_order_type = W_CHP_ORDER_TYPE_D.order_line_type"", ""W_CHP_SALES_NOMANUAL_F.PAPER_STAT_GROUP_SALES = W_CHP_PAPER_SALES_ORNT_R.PAPER_STAT_GROUP_SALES(+)"", ""W_CHP_SALES_NOMANUAL_F.paper_stat_element = W_CHP_PAPER_STAT_GROUP_R.paper_stat_element(+)"", ""W_CHP_SALES_NOMANUAL_F.ORG_CODE = W_YFY_ORG_D.ORG_CODE"", ""W_CHP_SALES_NOMANUAL_F.PAPER_STAT_GROUP_SALES = W_CHP_PAPER_STAT_GROUP_R(CG).PAPER_STAT_GROUP_SALES(+)"" ], ""Groupby"": {} }}"
